customer_id,customer_name,gender,age,zip_code,city,state,country
1,Leanna Busson,Female,30,5464,Johnstonhaven,Northern Territory,Australia
2,Zabrina Harrowsmith,Genderfluid,69,8223,New Zacharyfort,South Australia,Australia
3,Shina Dullaghan,Polygender,59,5661,Aliburgh,Australian Capital Territory,Australia
4,Hewet McVitie,Bigender,67,1729,South Justinhaven,Queensland,Australia
5,Rubia Ashleigh,Polygender,30,4032,Griffithsshire,Queensland,Australia
6,Cordey Tolcher,Genderfluid,40,9996,Blakehaven,New South Wales,Australia
7,Winslow Ewbanck,Bigender,76,793,Masonfurt,Queensland,Australia
8,Marlowe Wynn,Agender,75,7681,Samside,Northern Territory,Australia
9,Brittaney Gontier,Male,51,2,Beierport,Northern Territory,Australia
10,Susanetta Wilshin,Bigender,70,2118,Joelburgh,Western Australia,Australia
11,Michaeline McIndrew,Agender,39,7400,Georgeland,Northern Territory,Australia
12,Fedora Dmych,Bigender,78,6334,Taylorburgh,South Australia,Australia
13,Marabel Swinfon,Male,42,6170,Maddisonmouth,Queensland,Australia
14,Chrissie Wackly,Bigender,36,2050,North Benjaminville,New South Wales,Australia
15,Avril Rossiter,Genderfluid,34,491,Kiehnburgh,Western Australia,Australia
16,Gabbie Aldwinckle,Male,75,6438,New Kai,Victoria,Australia
17,Devonna Cutting,Genderfluid,32,8309,Lake Graceside,Australian Capital Territory,Australia
18,Chan Duchesne,Male,79,7171,Walterland,New South Wales,Australia
19,Chadwick Cruddas,Agender,41,7053,West Bailey,Victoria,Australia
20,Gigi Kalaher,Genderqueer,55,6318,East Audrey,South Australia,Australia
21,Seana Hearons,Non-binary,31,1133,South Callum,Tasmania,Australia
22,Blayne Sabatier,Non-binary,20,6624,Maxberg,Victoria,Australia
23,Alair Grimwad,Female,32,1832,North Mia,Tasmania,Australia
24,Rici Fogden,Genderfluid,49,4359,Charliebury,Northern Territory,Australia
25,Ernaline Luce,Genderqueer,75,9311,Olivershire,Victoria,Australia
26,Timothy Compston,Genderqueer,50,8816,New Oliverside,New South Wales,Australia
27,Jayme Turvie,Polygender,55,3462,Lake Alanafort,Western Australia,Australia
28,Hadley Baddam,Non-binary,79,5820,West Noah,Queensland,Australia
29,Tyrus Pitkaithly,Male,20,5308,North Matildamouth,Queensland,Australia
30,Bernice Grindle,Female,38,7110,Jetttown,Australian Capital Territory,Australia
31,Tammara Dionisetti,Non-binary,36,756,Dickensberg,Northern Territory,Australia
32,Devlin Labet,Genderqueer,32,1822,Port Archiemouth,Queensland,Australia
33,Luca Hantusch,Male,44,4116,Chaseshire,South Australia,Australia
34,Ninon Corteney,Non-binary,55,5387,Sauerfort,Western Australia,Australia
35,Adamo Saddington,Male,80,593,Port Lucas,Queensland,Australia
36,Xever Giacomelli,Genderqueer,27,5691,Hamishfurt,Queensland,Australia
37,Zulema Teml,Male,75,9751,Violetville,Western Australia,Australia
38,Joly Hagley,Male,34,1920,Lake Lilly,Australian Capital Territory,Australia
39,Legra Neaverson,Genderqueer,80,4622,North Victoriachester,Northern Territory,Australia
40,Regan Gronaller,Polygender,59,9767,Port Claudia,New South Wales,Australia
41,Hana Stitch,Male,65,4320,Port Ella,New South Wales,Australia
42,Horatius Genever,Genderqueer,37,268,Gabriellatown,Victoria,Australia
43,Rodie Klaiser,Non-binary,34,1490,South Kaiview,Queensland,Australia
44,Avivah Chipchase,Bigender,60,9842,Eliburgh,Tasmania,Australia
45,Vicki Stockwell,Male,27,1796,Leofurt,Australian Capital Territory,Australia
46,Meris Twitty,Agender,68,5087,Bartolettiside,Australian Capital Territory,Australia
47,Jarrett Brumby,Polygender,54,9780,Lake Nicholasfurt,Western Australia,Australia
48,Ronnie Shiril,Male,79,4761,Heathcotemouth,New South Wales,Australia
49,Shanna Pietrzyk,Female,56,2511,Port Alyssa,Queensland,Australia
50,Moore Oolahan,Genderqueer,63,5725,East Aidan,Western Australia,Australia
51,Kayley Brosoli,Non-binary,52,6322,South Evaport,Northern Territory,Australia
52,Marena Lockhart,Male,47,841,Chelseahaven,Victoria,Australia
53,Reinhold Gooble,Male,51,9225,Lake Kaylastad,South Australia,Australia
54,Tore Caras,Genderqueer,62,5575,West Alyssa,Queensland,Australia
55,Giles Kyne,Polygender,45,9871,Lake Phoenixside,South Australia,Australia
56,Vinny Niland,Agender,33,6829,Brownburgh,New South Wales,Australia
57,Anne-corinne Enrich,Male,65,614,Kellyshire,Australian Capital Territory,Australia
58,Aurie Margett,Agender,39,2783,Amelieburgh,New South Wales,Australia
59,Martita Quakley,Male,58,7934,Boylefort,New South Wales,Australia
60,Hyacinth Pepper,Agender,20,4907,New Callum,Tasmania,Australia
61,Lin Avraam,Genderqueer,65,4358,Samuelland,South Australia,Australia
62,Denice Ledrane,Bigender,32,2404,New Beaumouth,Australian Capital Territory,Australia
63,Kleon Trobey,Non-binary,78,5140,Kossfort,Victoria,Australia
64,Annabella Devote,Genderfluid,75,7787,Sanfordborough,South Australia,Australia
65,Bertine Puddefoot,Female,64,5937,Feilchester,South Australia,Australia
66,Vasili Shearston,Polygender,34,964,South Elimouth,South Australia,Australia
67,Reta Jefferies,Male,59,5630,Lucamouth,South Australia,Australia
68,Willa Gaisford,Female,23,6751,West Justin,Western Australia,Australia
69,Tiphany Peacop,Bigender,79,8820,East Sofia,Victoria,Australia
70,Dulcea Shrawley,Female,48,770,Codyview,Northern Territory,Australia
71,Tana Pawley,Bigender,63,1365,Lake Holly,Western Australia,Australia
72,Marinna Heal,Genderfluid,42,5160,Braunhaven,Tasmania,Australia
73,Jehanna Water,Polygender,48,5208,Monahanside,South Australia,Australia
74,Tracy Ebenezer,Genderqueer,79,7803,West Jesseton,Northern Territory,Australia
75,Katinka Currier,Non-binary,75,9777,Smythland,South Australia,Australia
76,Chandra Carine,Agender,51,2030,Hellermouth,New South Wales,Australia
77,Angela Kester,Male,62,1102,Chloeville,South Australia,Australia
78,Jethro Pollak,Genderqueer,38,7232,Lake Alihaven,Northern Territory,Australia
79,Persis Spiteri,Genderfluid,46,1862,Sofiaberg,Australian Capital Territory,Australia
80,Opal Bermingham,Polygender,65,6903,Port Mason,Victoria,Australia
81,Lanny Wardale,Female,30,1915,Spencerborough,Western Australia,Australia
82,Laina Baudains,Polygender,53,9603,Elizabethfort,Northern Territory,Australia
83,Kayne Fraczkiewicz,Agender,40,7525,Walshland,Northern Territory,Australia
84,Minta Loble,Female,63,7587,Lake Paigemouth,Northern Territory,Australia
85,Cornie Virr,Genderqueer,27,4401,East Chelsea,Northern Territory,Australia
86,Corinna Maystone,Non-binary,76,9337,Gleasonport,Tasmania,Australia
87,Barbara-anne Salerg,Agender,53,1780,Savannahland,Northern Territory,Australia
88,Kendall Jakubski,Male,78,3111,Port Liam,South Australia,Australia
89,Matthiew Hinckes,Female,51,1443,Lake Hannah,Queensland,Australia
90,Warner Chevin,Non-binary,40,6684,West Georgiachester,New South Wales,Australia
91,Keen Murrhaupt,Polygender,72,7110,Lillyburgh,Victoria,Australia
92,Hillary Guiness,Agender,27,564,Harrismouth,Queensland,Australia
93,Law Foker,Genderfluid,66,4739,Colestad,Queensland,Australia
94,Otha Skein,Genderqueer,46,1037,East Isla,Western Australia,Australia
95,Pierre Rockwill,Non-binary,33,3891,Port Jordan,Western Australia,Australia
96,Garvy Davioud,Genderfluid,41,2012,Hudsontown,New South Wales,Australia
97,Dean McLarty,Female,39,2815,North Ellabury,Northern Territory,Australia
98,Kenyon Lemerle,Female,78,2945,East Siennaview,Queensland,Australia
99,Benji Vineall,Genderqueer,75,296,Port Madelineberg,Tasmania,Australia
100,Wilhelm Blaber,Genderfluid,69,768,Lake Callumville,Queensland,Australia
101,Gerard Gilkison,Male,38,9867,North William,Queensland,Australia
102,Hurleigh Sieb,Genderfluid,32,6848,Port Sarah,Queensland,Australia
103,Monica Teodorski,Bigender,77,2603,South Nathan,South Australia,Australia
104,Nanny Franey,Agender,73,7112,Joelland,Australian Capital Territory,Australia
105,Madelin Matityahu,Male,71,8645,East Aidan,South Australia,Australia
106,Rachel Colebrook,Genderqueer,38,7712,Stokestown,Australian Capital Territory,Australia
107,Sandy Yushachkov,Genderfluid,35,7264,Claudiaview,Western Australia,Australia
108,Merrill Care,Bigender,57,1392,Port Rosemouth,Queensland,Australia
109,Karoly Wadge,Polygender,72,614,North Chelseaport,Tasmania,Australia
110,Giralda Trewin,Genderfluid,65,8132,Bartolettifurt,Western Australia,Australia
111,Eada Viccary,Female,52,1091,North Edwardshire,Northern Territory,Australia
112,Hadlee Douthwaite,Female,42,9698,West Hamish,South Australia,Australia
113,Hew Cardinal,Agender,57,3303,North Ruby,South Australia,Australia
114,Cecile Jayume,Bigender,30,9798,Williamsville,South Australia,Australia
115,Adair Ruddoch,Genderfluid,28,5137,East Savannah,Northern Territory,Australia
116,Erik Osgar,Genderfluid,35,8590,Zacharyborough,Northern Territory,Australia
117,Alexei Hurburt,Female,75,2398,New Ellieland,Tasmania,Australia
118,Meghan Simic,Male,57,9963,South Cameron,Australian Capital Territory,Australia
119,Margeaux Getley,Polygender,65,8401,Eviemouth,Western Australia,Australia
120,Didi Garton,Polygender,60,3554,Carterbury,Queensland,Australia
121,Nollie Yorath,Non-binary,26,9311,Violetport,Queensland,Australia
122,Katey Dubbin,Non-binary,71,935,South Caleb,South Australia,Australia
123,Yardley Dreamer,Female,22,1149,Jordanborough,Tasmania,Australia
124,Pate De Ambrosis,Non-binary,54,4983,Donnellyfort,New South Wales,Australia
125,Lesli Pitfield,Bigender,77,8870,Angelinaville,Tasmania,Australia
126,Hashim Banes,Genderfluid,48,9110,West Jaydenfort,Tasmania,Australia
127,Merl Gayforth,Genderfluid,30,3708,South Adam,Western Australia,Australia
128,Daisy Camillo,Male,48,2240,Jacobsland,Northern Territory,Australia
129,Beatrisa Winterscale,Non-binary,68,1790,Port Harrychester,Western Australia,Australia
130,Jeniece Dumbare,Non-binary,71,6215,New Leahside,South Australia,Australia
131,Stephanus Torbett,Female,33,3891,Port Annaborough,South Australia,Australia
132,Christian Simko,Male,26,4352,Huelmouth,New South Wales,Australia
133,Bette-ann Harteley,Bigender,49,6661,Shieldsside,Tasmania,Australia
134,Raul Pockey,Male,64,6036,South Hannah,Victoria,Australia
135,Mycah Rodie,Genderfluid,25,3184,Port Abigail,Western Australia,Australia
136,Camala Bradbeer,Non-binary,38,1028,Sofiashire,Western Australia,Australia
137,Fin Betjes,Non-binary,29,5184,North Zaraview,Western Australia,Australia
138,Lorna Srawley,Non-binary,62,2238,Audreyberg,Australian Capital Territory,Australia
139,Vida Matchitt,Male,73,8569,Hudsonberg,Australian Capital Territory,Australia
140,Frankie Wewell,Genderfluid,43,1058,Lukemouth,New South Wales,Australia
141,Jewelle Gatiss,Non-binary,25,457,Lake Aidenhaven,Victoria,Australia
142,Valerie D'Errico,Bigender,75,6043,Chelseaview,South Australia,Australia
143,Hewitt Hanscome,Non-binary,80,8254,New Ella,Victoria,Australia
144,Elaina Agate,Male,60,5393,Richardshaven,South Australia,Australia
145,Mirabelle Bampkin,Genderqueer,43,8332,Lake Madeline,Australian Capital Territory,Australia
146,Lawry Mannooch,Agender,50,6824,North Kayla,Western Australia,Australia
147,Mahmud Pumfrett,Male,42,9361,Walkerhaven,Western Australia,Australia
148,Ikey Spohr,Polygender,53,6527,North Scarlettborough,Northern Territory,Australia
149,Marven Argontt,Non-binary,25,4101,Port Christopherland,New South Wales,Australia
150,Biddy Devanney,Male,26,3137,Harryburgh,Tasmania,Australia
151,Lucie Lyenyng,Non-binary,25,8763,New Sebastianfurt,Western Australia,Australia
152,Panchito Wybern,Female,79,7845,Christianport,Australian Capital Territory,Australia
153,Jeramey Kopacek,Agender,73,8473,Jadestad,Northern Territory,Australia
154,Ricky Fraser,Agender,68,3751,East Angelinashire,Victoria,Australia
155,Myrle Kelby,Male,80,7841,Port Sophia,New South Wales,Australia
156,Cosmo Leys,Female,24,7891,Kaiberg,Western Australia,Australia
157,Miguelita Rasp,Female,70,4103,Siennaside,Queensland,Australia
158,Ann-marie Sinden,Genderqueer,33,58,Johnschester,New South Wales,Australia
159,Marga Longhurst,Bigender,73,482,Bellaburgh,South Australia,Australia
160,Christi Reston,Male,26,3950,Hicklebury,New South Wales,Australia
161,Katalin Tellesson,Agender,29,365,Port Jade,Western Australia,Australia
162,Ignacius Gardiner,Polygender,33,1797,Schroedermouth,South Australia,Australia
163,Harrietta Burchatt,Genderfluid,20,9458,Port Elliechester,Australian Capital Territory,Australia
164,Lyda Schneidau,Non-binary,54,8504,Quinnborough,Western Australia,Australia
165,Beau Schwandermann,Male,21,7259,Port Angus,Victoria,Australia
166,Stesha Lusted,Agender,67,8983,West Skyeview,Queensland,Australia
167,Alayne Ipplett,Agender,34,6902,Ellieshire,Australian Capital Territory,Australia
168,Gwenore Samudio,Non-binary,27,1975,North Leoburgh,Western Australia,Australia
169,Wald Kaine,Female,72,7210,South Georgia,Western Australia,Australia
170,Melania Murton,Genderfluid,57,7133,Dietrichtown,Victoria,Australia
171,Mariellen Medendorp,Agender,80,6226,South Gabriel,Western Australia,Australia
172,Gennifer Sharpus,Male,73,5996,East Scarlett,Northern Territory,Australia
173,Mychal Mynett,Non-binary,78,5630,Port Maxville,South Australia,Australia
174,Iona Middlewick,Male,68,7668,New Jonathanchester,Western Australia,Australia
175,Patrica Penny,Non-binary,80,3129,Haneton,South Australia,Australia
176,Curtis McCarroll,Male,45,2548,Lake Johnchester,New South Wales,Australia
177,Wake Guard,Genderfluid,25,3673,Conroybury,Victoria,Australia
178,Gunner Murdie,Agender,51,6282,Lewiston,Australian Capital Territory,Australia
179,Leeann Gowdie,Agender,52,3399,Callumborough,Queensland,Australia
180,Nelli Engall,Genderfluid,21,932,Chasemouth,Western Australia,Australia
181,Puff Newbury,Polygender,27,1017,Port Joshuaside,Northern Territory,Australia
182,Ricardo James,Male,80,2147,Archiefurt,Queensland,Australia
183,Martin O'Mailey,Female,44,9583,New Angelina,Queensland,Australia
184,Holden Whybrow,Bigender,43,8107,West Joelfurt,Queensland,Australia
185,Darrelle Padson,Polygender,67,4337,Violetborough,Victoria,Australia
186,Neill Steptoe,Non-binary,63,5963,Port Mia,Western Australia,Australia
187,Trenton Lydiard,Genderfluid,70,1007,West Isabelton,Queensland,Australia
188,Poul Rossi,Agender,23,5769,Nataliemouth,Victoria,Australia
189,Deedee Pashe,Bigender,28,3678,Lake Abigailhaven,Western Australia,Australia
190,Jewel Dericut,Agender,58,5518,Lake Charlottefort,Australian Capital Territory,Australia
191,Isis Doel,Agender,76,5036,Grimesstad,Northern Territory,Australia
192,Tommy Ebunoluwa,Female,63,4239,East Mason,Tasmania,Australia
193,Harland Hawkeridge,Polygender,77,8063,New Samuel,Western Australia,Australia
194,Brennen Breward,Male,61,6849,Fayhaven,New South Wales,Australia
195,Tobye De Caville,Genderfluid,72,6036,West Baileyville,New South Wales,Australia
196,Erroll Michelle,Genderqueer,25,4911,New Ava,South Australia,Australia
197,Dorris Simonsson,Non-binary,67,3255,Jessebury,Western Australia,Australia
198,Yevette Weekes,Genderqueer,66,386,Gardenchester,Victoria,Australia
199,Clayson Mealing,Genderqueer,65,6219,Lake Declanland,South Australia,Australia
200,Melba Badam,Genderqueer,68,4072,Evamouth,Australian Capital Territory,Australia
201,Loni Tort,Polygender,58,4396,Joelmouth,Australian Capital Territory,Australia
202,Jewel Roakes,Female,67,6557,Abbeyshire,Queensland,Australia
203,Angil Crunden,Non-binary,30,8856,Lake Elijah,Australian Capital Territory,Australia
204,Bird McGarvie,Female,60,5120,East Jakeberg,New South Wales,Australia
205,Elicia Flaunders,Genderfluid,23,2345,Jademouth,South Australia,Australia
206,Crin Johnikin,Polygender,66,2155,South Clairetown,Queensland,Australia
207,Brade Caught,Genderqueer,56,7847,Elijahburgh,Queensland,Australia
208,Shaylyn Musla,Bigender,71,994,Josephland,South Australia,Australia
209,Lauryn Deport,Female,29,8313,Bayermouth,South Australia,Australia
210,Arden Lasselle,Polygender,79,5663,West Claudiaburgh,New South Wales,Australia
211,Rowena Doe,Non-binary,52,4473,Codyfort,New South Wales,Australia
212,Evelyn Chevolleau,Polygender,79,4481,Port Logan,Western Australia,Australia
213,Karl Ramsell,Polygender,25,5931,Lake Phoenix,Western Australia,Australia
214,Whitaker Pashen,Female,55,9750,Justinport,Queensland,Australia
215,Alida Spitaro,Non-binary,57,3483,Dareberg,New South Wales,Australia
216,Pattin Carley,Genderqueer,50,3991,Bayertown,Northern Territory,Australia
217,Silvan Norcross,Bigender,29,742,South Georgia,Australian Capital Territory,Australia
218,Worthington Knapton,Non-binary,78,7479,Lake Lucas,Queensland,Australia
219,Jerald MacMeeking,Male,44,8174,Connellyport,Tasmania,Australia
220,Francisca Accum,Bigender,79,1993,West Zacharybury,Western Australia,Australia
221,Araldo Washtell,Polygender,43,4519,East Gabriel,Australian Capital Territory,Australia
222,Ewen Bate,Male,40,2967,Casperland,Tasmania,Australia
223,Saxe Stormonth,Non-binary,51,573,Lake Owen,South Australia,Australia
224,Shelbi Impson,Genderfluid,78,7744,Hansenberg,New South Wales,Australia
225,Monty Gowen,Genderfluid,75,4755,Muellerfurt,Queensland,Australia
226,Neilla Moring,Non-binary,73,828,Leeborough,Tasmania,Australia
227,Isaak Ferrarone,Non-binary,26,3857,South Holly,Tasmania,Australia
228,Zaria Garken,Female,40,5447,Towneport,Northern Territory,Australia
229,Codie Escalero,Female,20,1344,West Abbeyland,Australian Capital Territory,Australia
230,Bourke Pembery,Bigender,21,7779,Wildermanside,Tasmania,Australia
231,Keeley Nassie,Genderqueer,33,266,Turnerborough,Northern Territory,Australia
232,Kaitlyn Pinare,Male,24,5019,Lake Matilda,Northern Territory,Australia
233,Beverlie Blance,Agender,33,8968,Casperfurt,South Australia,Australia
234,Duncan Walliker,Genderfluid,37,7368,West Zoe,Victoria,Australia
235,Beck Oldham,Non-binary,32,7158,Miafurt,Tasmania,Australia
236,Anders Couvert,Non-binary,80,2752,East Sienna,New South Wales,Australia
237,Cassaundra Sliman,Agender,71,6639,Lake Mollyburgh,New South Wales,Australia
238,Hilda Peter,Non-binary,30,5289,New Sophie,Tasmania,Australia
239,Daria Embleton,Genderfluid,63,1644,North Sophie,Australian Capital Territory,Australia
240,Brian Finnes,Genderqueer,25,7740,New Codyville,Victoria,Australia
241,Valentine Marley,Bigender,61,2728,New Ava,Queensland,Australia
242,Aimee Giorgio,Genderqueer,28,4787,Lukebury,Queensland,Australia
243,Jo ann Snoden,Female,20,7136,Port Owen,New South Wales,Australia
244,Faunie Cooney,Male,38,6354,Port Chelseaport,Victoria,Australia
245,Elva Root,Bigender,36,3849,South Abbeyshire,Victoria,Australia
246,Lucias Forsythe,Bigender,40,8484,West Kiara,Tasmania,Australia
247,Atlante McGrotty,Female,57,5680,Mayerland,Victoria,Australia
248,Danica Brunker,Polygender,38,4463,D'amorefort,Northern Territory,Australia
249,Torie Minihan,Agender,59,842,New Annabelle,Victoria,Australia
250,Lavina Dartnell,Polygender,23,9549,Boyleberg,Queensland,Australia
251,Jeanne Pringer,Female,78,8520,Wilsonside,Australian Capital Territory,Australia
252,Franciska Yosevitz,Polygender,44,9494,Rileyview,Western Australia,Australia
253,Stewart Heggman,Bigender,48,3190,Eviestad,Northern Territory,Australia
254,Scot Billany,Male,44,8170,Beiermouth,Queensland,Australia
255,Justis Butter,Polygender,29,4733,Port Johnland,Western Australia,Australia
256,Dulcia Gawthorpe,Bigender,46,9007,North Lillian,Australian Capital Territory,Australia
257,Trista Aspray,Genderfluid,61,1166,Johnstonshire,Australian Capital Territory,Australia
258,Mira Heinonen,Female,62,1252,South Declan,Queensland,Australia
259,Bartlet Whiffin,Bigender,78,752,Kingmouth,New South Wales,Australia
260,Whitney Scarman,Female,27,3012,Trompview,Tasmania,Australia
261,Bernita Orae,Bigender,61,7322,Schmittview,Queensland,Australia
262,Dasi Kovelmann,Genderfluid,34,1633,Jakeland,Northern Territory,Australia
263,Ringo Sollars,Genderfluid,22,4122,West Cameron,Western Australia,Australia
264,Vite Durrant,Male,40,7266,Port Michael,Queensland,Australia
265,Ianthe Magowan,Male,52,5072,Lake Laurenview,Tasmania,Australia
266,Sheff Ruoss,Non-binary,55,7685,Laylabury,New South Wales,Australia
267,Lionel Mansel,Bigender,45,938,Lukefurt,Western Australia,Australia
268,Muire Ashtonhurst,Male,47,3668,West Michael,South Australia,Australia
269,Rutger Hugonnet,Bigender,20,2332,New Jadehaven,New South Wales,Australia
270,Brion Grinaugh,Bigender,47,7214,South Alyssa,Australian Capital Territory,Australia
271,Harri Lotherington,Genderqueer,30,3042,New Emily,Northern Territory,Australia
272,Kendre Etherton,Genderqueer,22,4499,New Angelinaberg,Victoria,Australia
273,Dag Schiefersten,Bigender,46,1660,Noahmouth,Northern Territory,Australia
274,Crysta Attride,Polygender,60,9611,North Lukechester,New South Wales,Australia
275,Marthena Oxbury,Female,62,1809,North Alana,Queensland,Australia
276,Silas Chaman,Genderfluid,56,9665,Gardenport,Victoria,Australia
277,Kary Melding,Non-binary,62,134,East Isabella,New South Wales,Australia
278,Michele Osmant,Non-binary,73,8967,North Josephmouth,Queensland,Australia
279,Hamilton Buck,Bigender,48,5536,New Finnmouth,Northern Territory,Australia
280,Skyler Streeton,Non-binary,50,4750,Nathanton,New South Wales,Australia
281,Karla Teresia,Genderfluid,24,7637,Evafort,Queensland,Australia
282,Wren Helgass,Female,59,4527,Port Hannahburgh,Australian Capital Territory,Australia
283,Jaymee Dalrymple,Male,23,1336,New George,New South Wales,Australia
284,Rourke Binstead,Non-binary,65,3149,East Abigail,Northern Territory,Australia
285,Ricky Steels,Male,56,1317,O'connerburgh,Western Australia,Australia
286,Gert Brackstone,Polygender,34,5790,Charlotteville,Queensland,Australia
287,Teodor Van der Velde,Male,66,6793,South William,Queensland,Australia
288,Matilde Yanuk,Male,24,3055,Reillyfurt,Victoria,Australia
289,Rafferty Fronek,Genderqueer,43,612,East Kaylabury,Australian Capital Territory,Australia
290,Alia Rapinett,Male,67,3146,West Siennaland,Tasmania,Australia
291,Brodie Hedin,Genderqueer,43,2048,South Hannah,Tasmania,Australia
292,Aldin Moline,Male,25,6426,West Aidenview,Victoria,Australia
293,Kat Champness,Male,36,1391,Langworthfort,Tasmania,Australia
294,Flss Jillins,Agender,30,6799,Johntown,South Australia,Australia
295,Parker Guiraud,Polygender,49,3485,Ashtonview,New South Wales,Australia
296,Isis Stonard,Non-binary,50,7499,Port William,Victoria,Australia
297,Anneliese Pardew,Genderqueer,22,5754,Owentown,Australian Capital Territory,Australia
298,Roobbie Persich,Female,29,6386,Sanfordberg,Queensland,Australia
299,Anny Midden,Non-binary,32,89,Lake Amelia,Victoria,Australia
300,Darren Karpenko,Female,24,1403,Hermistonside,Western Australia,Australia
301,Elga Corgenvin,Non-binary,47,9359,New Sienna,South Australia,Australia
302,Warden Windram,Bigender,38,6560,New Thomas,New South Wales,Australia
303,De Lourens,Genderqueer,75,8400,North Paige,New South Wales,Australia
304,Luke Salliere,Bigender,79,7906,Feeneymouth,Queensland,Australia
305,Meryl Kender,Genderqueer,25,7024,Lake Aidan,Australian Capital Territory,Australia
306,Silas Stephens,Polygender,68,8581,West Audreyhaven,Queensland,Australia
307,Matthew Schneidau,Female,50,4618,Lake Jackmouth,Victoria,Australia
308,Zeb Shipton,Genderfluid,70,4335,West Madison,Northern Territory,Australia
309,Ulla Crombie,Genderqueer,29,7246,Lake Edward,Queensland,Australia
310,Sharyl Royl,Polygender,61,7862,Fadelburgh,New South Wales,Australia
311,Constantino Langworthy,Agender,25,2929,Fayburgh,Northern Territory,Australia
312,Gavra Wheowall,Male,74,7203,East Harrybury,New South Wales,Australia
313,Courtnay Cornewell,Agender,24,985,South Pipermouth,South Australia,Australia
314,Goddart Glusby,Non-binary,56,9642,East Sophia,Victoria,Australia
315,Jeff Curness,Genderqueer,49,2395,East Michaelmouth,Australian Capital Territory,Australia
316,Sadella Goodsall,Genderqueer,67,7784,Christopherside,Northern Territory,Australia
317,Gates Torrance,Male,48,9997,Miafort,Australian Capital Territory,Australia
318,Glyn Tieman,Polygender,63,1823,Georgiatown,Western Australia,Australia
319,Royall Lowrie,Genderfluid,49,5245,Coleshire,Tasmania,Australia
320,Dani Pinches,Polygender,43,299,Howehaven,Tasmania,Australia
321,Jena Kelling,Female,44,6724,Kaihaven,New South Wales,Australia
322,Jacynth Stillmann,Genderfluid,30,1640,Jacobiview,Western Australia,Australia
323,Ellerey Kaesmakers,Genderfluid,40,7986,South Jayden,South Australia,Australia
324,Fredrick Cleynman,Agender,39,7488,Mikaylaburgh,Northern Territory,Australia
325,Robinetta Deners,Genderqueer,68,8304,West Claudia,South Australia,Australia
326,Meade Yglesia,Genderfluid,54,6294,New Masonport,Northern Territory,Australia
327,Lynda Seydlitz,Non-binary,71,3310,Port Marcusshire,Western Australia,Australia
328,Wadsworth Olivier,Non-binary,59,6795,North Elijahshire,Western Australia,Australia
329,Valery Pache,Polygender,53,5466,South Claudialand,Western Australia,Australia
330,Barclay Kinsella,Male,47,6913,Lincolnbury,Victoria,Australia
331,Binnie Gonzales,Polygender,32,7980,Aidenton,Northern Territory,Australia
332,Carla Walework,Male,75,5702,East George,Northern Territory,Australia
333,Con Pressdee,Non-binary,57,2571,West Marcus,South Australia,Australia
334,Udale Ripping,Agender,68,8108,New Alyssa,Queensland,Australia
335,Van Winley,Male,76,5888,Lake George,Australian Capital Territory,Australia
336,Julian Sponer,Male,35,3647,Port Madison,Australian Capital Territory,Australia
337,Milton Otson,Non-binary,78,2631,Cooperbury,Western Australia,Australia
338,Eve Stutard,Female,75,2652,Monahanberg,New South Wales,Australia
339,Haslett Nodes,Non-binary,59,2498,Lake Maddison,Queensland,Australia
340,Jarrid Coston,Genderfluid,24,5229,Corkeryshire,Northern Territory,Australia
341,Cherlyn Asmus,Female,34,6522,Jasmineville,Victoria,Australia
342,Tymothy Linsay,Genderqueer,45,2900,Barrowschester,Victoria,Australia
343,Violet Alwen,Non-binary,47,5805,Lake Charli,Northern Territory,Australia
344,Archaimbaud Barnewelle,Bigender,68,6043,Jacobsstad,South Australia,Australia
345,Merrielle Piken,Genderqueer,62,799,Audreyfurt,Victoria,Australia
346,Kerianne Parris,Genderqueer,40,6060,Olsonbury,Northern Territory,Australia
347,Lyn Bouts,Female,20,1435,Levihaven,Victoria,Australia
348,Thorny Nornable,Genderqueer,76,1840,Rubyfort,Tasmania,Australia
349,Ronda Badby,Agender,34,6097,Port Alexandertown,Australian Capital Territory,Australia
350,Dani Hawtin,Bigender,23,4913,North Alex,Victoria,Australia
351,Alfonso Locket,Bigender,23,3927,South Eliza,Victoria,Australia
352,Justin Marden,Bigender,31,4432,Port Ashtonhaven,Queensland,Australia
353,Lurette McKay,Male,22,9711,Stantonton,Queensland,Australia
354,Sula Shepherd,Polygender,57,959,Nateville,Victoria,Australia
355,Sherwynd Klimkov,Agender,36,9704,Port Zoe,Australian Capital Territory,Australia
356,Gerianne Burree,Female,23,4296,West Jackfort,New South Wales,Australia
357,Crawford Bolden,Polygender,41,7454,North Kaylastad,Australian Capital Territory,Australia
358,Jermaine Goranov,Genderfluid,64,6842,Kreigerbury,Northern Territory,Australia
359,Augustin Brandenberg,Genderfluid,28,5653,East Lauren,Victoria,Australia
360,Iain Fellnee,Male,68,5743,Kingmouth,Northern Territory,Australia
361,Drucy Ham,Polygender,64,5677,Port Williamborough,South Australia,Australia
362,Persis Linch,Genderqueer,39,329,West Zoeberg,Queensland,Australia
363,Gay MacNeice,Female,47,8608,Lake William,Queensland,Australia
364,Konstantin Kuhlmey,Polygender,28,2506,Swiftfort,New South Wales,Australia
365,Tammie Gavrielli,Genderqueer,25,4387,Jacobsshire,Tasmania,Australia
366,Geraldine Naulty,Agender,64,1110,Youngview,Victoria,Australia
367,Hildagarde Dell 'Orto,Bigender,51,514,Jasperside,South Australia,Australia
368,Mady Greenleaf,Genderfluid,61,2172,South Chelseaton,Australian Capital Territory,Australia
369,Ephrem Hambers,Female,46,5569,New Stellastad,Australian Capital Territory,Australia
370,Hildegarde Bamlett,Agender,38,9196,Abbottbury,Australian Capital Territory,Australia
371,Etan Peirazzi,Genderqueer,63,6128,West Jessica,Queensland,Australia
372,Griffy Wenger,Genderqueer,53,7209,East Sophia,South Australia,Australia
373,Annabella Jocic,Polygender,44,8769,North Sienna,Australian Capital Territory,Australia
374,Sigfried Oglesbee,Agender,24,3041,Heidiberg,New South Wales,Australia
375,Ninetta Phizakarley,Agender,77,9232,Ernserland,Northern Territory,Australia
376,Korie Iglesiaz,Polygender,30,789,Lake Annabelleport,South Australia,Australia
377,Alanson Colton,Female,72,6676,Coleview,Queensland,Australia
378,Andy McPhillimey,Bigender,48,7541,Abigailchester,New South Wales,Australia
379,Lilah Mabe,Non-binary,76,7863,O'keefemouth,Queensland,Australia
380,Gratiana Theurer,Agender,65,8267,Leomouth,Northern Territory,Australia
381,Tait Else,Polygender,20,6824,Port Darcy,Western Australia,Australia
382,Emanuele Deesly,Genderfluid,24,6714,Rodriguezbury,Victoria,Australia
383,Nathanil Runchman,Non-binary,23,2310,South Hannahstad,Victoria,Australia
384,Chiarra Vaneev,Genderfluid,37,6522,Zacharybury,Queensland,Australia
385,Kelsey Bend,Female,55,7861,Blakeville,Queensland,Australia
386,Cleon Emmatt,Agender,29,3016,Hannahborough,Tasmania,Australia
387,Alameda Fincke,Male,43,2080,Matthewstad,Victoria,Australia
388,Dame Popov,Genderfluid,38,2940,New Mayaburgh,Northern Territory,Australia
389,Caroljean Elstob,Agender,41,5989,Lake Lukeberg,South Australia,Australia
390,Bee Mazonowicz,Bigender,36,7155,South Eveshire,Western Australia,Australia
391,Reed Churchlow,Male,75,7524,North Sophieland,Australian Capital Territory,Australia
392,Svend Griffey,Agender,26,6749,Gloverbury,Australian Capital Territory,Australia
393,Anni Heinsius,Genderfluid,34,1474,Johnsburgh,Queensland,Australia
394,Eba Bauser,Bigender,26,2204,Audreyport,Tasmania,Australia
395,Mordecai Westberg,Non-binary,70,3499,Lake Oscar,Northern Territory,Australia
396,Sunny Bisgrove,Agender,32,6248,Finnburgh,Queensland,Australia
397,Collie Jakel,Female,50,6891,Isabellaton,Australian Capital Territory,Australia
398,Damiano Leyborne,Non-binary,50,5497,Gabrielville,Western Australia,Australia
399,Ailene McKeller,Agender,46,8209,South Logan,Western Australia,Australia
400,Bernarr Pote,Polygender,62,1097,Hesselside,Tasmania,Australia
401,Waylen Swallwell,Non-binary,73,613,Sarahstad,Western Australia,Australia
402,Zak Titterton,Non-binary,22,1712,West Cooper,Tasmania,Australia
403,Kimberli Canavan,Polygender,78,1038,Port Abby,Western Australia,Australia
404,Teddy Gell,Non-binary,79,9569,West Ellaport,Australian Capital Territory,Australia
405,Alfonse Shills,Male,78,5174,North Nathan,New South Wales,Australia
406,Paige Uebel,Agender,59,6987,Clarkville,Victoria,Australia
407,Murdock Bulfit,Male,41,8697,Hartmannshire,Queensland,Australia
408,Alis MacCulloch,Genderfluid,66,5079,Lake Haydenton,Australian Capital Territory,Australia
409,Alphonse Galego,Male,75,134,New Chase,Australian Capital Territory,Australia
410,Harman Finding,Polygender,64,7356,Boyerville,Victoria,Australia
411,Theobald Klazenga,Genderqueer,52,226,Connellyberg,Tasmania,Australia
412,Chandal Fransinelli,Polygender,21,238,Hackettchester,South Australia,Australia
413,Alexis Maps,Bigender,25,6700,Morissetteborough,Queensland,Australia
414,Ansel Chittem,Polygender,51,7365,North Ivy,Queensland,Australia
415,Ashley Gant,Polygender,40,7671,Dietrichville,South Australia,Australia
416,Leonore Yakunikov,Agender,21,4767,Langworthville,New South Wales,Australia
417,Bay Kraut,Non-binary,57,7035,Fadelland,Tasmania,Australia
418,Luelle Fernanando,Agender,57,2775,North Sebastianberg,Australian Capital Territory,Australia
419,Chaddie Fawlkes,Male,58,3887,West Mackenzie,Queensland,Australia
420,Yehudit Coote,Genderfluid,44,5547,Jonesville,Tasmania,Australia
421,Kellyann Stening,Genderfluid,62,5382,North Baileyside,Australian Capital Territory,Australia
422,Farah Schukert,Agender,34,1342,Feeneymouth,Queensland,Australia
423,Datha Vicary,Agender,32,1047,New Rileybury,South Australia,Australia
424,Katherine Sewter,Non-binary,80,5743,Lake Charliemouth,Western Australia,Australia
425,Saleem Isac,Genderfluid,38,8487,New Loganside,Northern Territory,Australia
426,Augusto Ackrill,Bigender,40,6184,South Sophieview,Victoria,Australia
427,Tomaso Mullin,Genderqueer,25,8556,New Ava,Queensland,Australia
428,Jammal Varcoe,Polygender,66,1112,North Liamfort,Australian Capital Territory,Australia
429,Lucille Carwithim,Genderqueer,48,675,East Lincoln,Tasmania,Australia
430,Khalil Duffil,Female,56,8212,Ivyfurt,New South Wales,Australia
431,Ronni Gruszczak,Agender,41,8422,Jademouth,Victoria,Australia
432,Ettie Gonnely,Bigender,34,7029,North Cody,Victoria,Australia
433,Candis Roswarne,Non-binary,46,9728,West Michaelport,Tasmania,Australia
434,Marci Borrett,Agender,20,4176,West Amber,Western Australia,Australia
435,Aldridge Tesh,Agender,41,5868,South Tobyton,South Australia,Australia
436,Meredith Canniffe,Polygender,41,7809,Port Siennaport,South Australia,Australia
437,Fifine Baron,Genderfluid,23,8456,Natefort,Australian Capital Territory,Australia
438,Atlante Cure,Bigender,80,6893,Hunterland,Western Australia,Australia
439,Daren Airs,Female,75,3142,West Thomas,Victoria,Australia
440,Terri Ivanaev,Polygender,64,5404,Andrewmouth,Queensland,Australia
441,Artemas Vasilischev,Bigender,53,7650,South Rileyview,Western Australia,Australia
442,Hobie Anfusso,Polygender,26,7249,Port Chloe,New South Wales,Australia
443,Melodee Spencley,Bigender,49,9651,Crooksshire,Victoria,Australia
444,Sara Gelder,Polygender,79,6837,Port Andrewton,Western Australia,Australia
445,Margret Yeabsley,Polygender,44,1927,Macdonaldchester,Victoria,Australia
446,Benny Songist,Non-binary,47,1552,North Lukeshire,Tasmania,Australia
447,Shena Solomonides,Bigender,68,8664,Zacshire,New South Wales,Australia
448,Ashely Inmett,Genderqueer,61,3895,Liamton,Queensland,Australia
449,Cherey Instone,Male,74,3041,Port Lucyport,Northern Territory,Australia
450,Devonne Martinetto,Genderfluid,59,5146,West Lucy,New South Wales,Australia
451,Mallory Dillinton,Polygender,21,9491,Feilton,Australian Capital Territory,Australia
452,Toddie Snow,Genderqueer,27,3680,Scottview,New South Wales,Australia
453,Guthry Ure,Polygender,35,2891,Kreigerberg,Tasmania,Australia
454,Abey Bampforth,Genderfluid,28,3276,Port Isabellafurt,New South Wales,Australia
455,Wash Kyneton,Non-binary,60,8038,Lake Sienna,Northern Territory,Australia
456,Joelynn Remington,Agender,33,2010,West Lachlan,Queensland,Australia
457,North Diamond,Male,27,1849,Charlotteborough,Victoria,Australia
458,Romy Cuberley,Genderqueer,42,1086,Mayaview,Queensland,Australia
459,Maybelle Houchen,Non-binary,62,4975,Farrellmouth,New South Wales,Australia
460,Frederich Duigenan,Genderfluid,31,3847,Ellashire,Victoria,Australia
461,Alina Strotton,Female,54,60,West Chasemouth,Australian Capital Territory,Australia
462,Francklyn Willeman,Non-binary,45,1919,D'amoreborough,South Australia,Australia
463,Iago Jedrzaszkiewicz,Agender,58,387,Lake Mikaylashire,Australian Capital Territory,Australia
464,Abbot Rickaert,Polygender,64,5327,Langville,South Australia,Australia
465,Mallory Castellani,Female,38,4700,Williammouth,Victoria,Australia
466,Vinnie Feaver,Male,28,7356,North Justin,South Australia,Australia
467,Cacilie Forrestill,Bigender,53,7040,O'reillychester,South Australia,Australia
468,Maegan Ashton,Genderqueer,67,5607,West Isla,Tasmania,Australia
469,Faber Purcell,Female,78,5011,Andrewborough,New South Wales,Australia
470,Trudey Betteridge,Genderfluid,45,3138,Edwardtown,Western Australia,Australia
471,Hayyim Trewhella,Non-binary,31,8731,Boyerland,New South Wales,Australia
472,Hal Saker,Male,57,4994,Parisianmouth,Queensland,Australia
473,Lori Briars,Male,61,1744,Annaton,South Australia,Australia
474,Clem Margetts,Non-binary,21,7719,New Matildaville,South Australia,Australia
475,Caroljean Hukins,Male,61,3722,Lake Isla,Tasmania,Australia
476,Orton Heigl,Genderfluid,64,1127,West Jackfort,South Australia,Australia
477,Cornell Spurrett,Genderqueer,32,1579,South Hunter,Northern Territory,Australia
478,Krystle Boyce,Non-binary,71,1303,Lake Lillyville,Northern Territory,Australia
479,Dunc Swynley,Genderqueer,20,789,Mullerberg,Western Australia,Australia
480,Dugald Aubri,Non-binary,50,6329,Riceton,Australian Capital Territory,Australia
481,Laurent St. Paul,Female,51,4149,Lake Rosehaven,Western Australia,Australia
482,Stanley Kolakowski,Agender,63,8260,East Joshua,Queensland,Australia
483,Cristiano Downing,Female,35,8487,East Rubyfurt,Tasmania,Australia
484,Padraig Jouannisson,Female,43,7271,South Cameronborough,Australian Capital Territory,Australia
485,Gayleen Brookes,Male,46,6977,Port Lily,Australian Capital Territory,Australia
486,Alexis Cheake,Agender,66,8225,Port Lillian,Northern Territory,Australia
487,Nehemiah Yurenin,Male,21,4113,South Amelie,Victoria,Australia
488,Mariellen Wheelband,Genderfluid,45,1135,Beahanbury,Tasmania,Australia
489,Isahella Enrique,Polygender,59,2537,West Phoenix,New South Wales,Australia
490,Bank Sargeaunt,Male,57,7633,Mollyland,New South Wales,Australia
491,Devy Jowle,Bigender,31,6666,East Riley,Victoria,Australia
492,Jolee Stailey,Bigender,62,8954,Josephmouth,Queensland,Australia
493,Andrew Renn,Bigender,63,1696,Port Natalie,Victoria,Australia
494,Wanids Jarmain,Female,51,8705,Dooleyport,Queensland,Australia
495,Darci Barten,Male,80,9409,Lake Caitlin,New South Wales,Australia
496,John Panchen,Bigender,32,3261,Evansburgh,South Australia,Australia
497,Claudio Archibould,Bigender,31,9290,North Aidentown,Northern Territory,Australia
498,Park Robberecht,Male,31,745,Walterfurt,Victoria,Australia
499,Henrietta Briatt,Agender,24,3833,New Hannah,Australian Capital Territory,Australia
500,Carlen Kelway,Non-binary,78,1819,Port Haydenchester,Western Australia,Australia
501,Archibaldo Taffurelli,Genderqueer,73,2482,Kiehnchester,Tasmania,Australia
502,Neilla Halladey,Male,34,6075,East Aidan,Australian Capital Territory,Australia
503,Vinni Itzkovich,Male,68,3480,Port Oscar,New South Wales,Australia
504,Marilyn Rontree,Genderqueer,56,2384,Emilymouth,Northern Territory,Australia
505,Chuck Bernini,Bigender,63,4931,Chloefort,Tasmania,Australia
506,Eddie Elcott,Agender,37,8757,South Hugoberg,Australian Capital Territory,Australia
507,Brooks Sayers,Polygender,74,8416,Jaydenside,Victoria,Australia
508,Jan Isenor,Non-binary,65,9728,West Annaport,Northern Territory,Australia
509,Anderson Bridywater,Genderfluid,63,1149,North Matthewfort,Queensland,Australia
510,Kinny Roget,Non-binary,67,7867,Alexandramouth,New South Wales,Australia
511,Preston Nehlsen,Genderfluid,63,3696,Port Victoriaborough,South Australia,Australia
512,Haydon Burnyeat,Agender,75,3394,Clarkemouth,Australian Capital Territory,Australia
513,Corri Womack,Non-binary,39,2358,Port Ali,Tasmania,Australia
514,Gui Bowgen,Bigender,45,2633,North Charles,Tasmania,Australia
515,Joannes Pandie,Female,52,830,Huelhaven,Australian Capital Territory,Australia
516,Malcolm Paal,Polygender,69,2978,South Tylermouth,Northern Territory,Australia
517,Ingmar Softley,Female,61,4264,East Jonathanland,Victoria,Australia
518,Margalo Cousen,Agender,31,6393,Bauchton,Northern Territory,Australia
519,Dedra Traite,Bigender,28,1354,Shieldstown,Northern Territory,Australia
520,Manny Fochs,Agender,76,1853,Rossshire,New South Wales,Australia
521,Maxy Easthope,Bigender,41,6070,Brauntown,Victoria,Australia
522,Ailina Kynan,Genderqueer,71,6890,Handborough,South Australia,Australia
523,Grissel Harteley,Bigender,22,3373,North Jasperville,Northern Territory,Australia
524,Beverlie Bansal,Agender,80,3345,Port Sebastianland,Queensland,Australia
525,Melisse Hopfer,Agender,28,5639,Port Ashley,New South Wales,Australia
526,Ellyn Collacombe,Male,73,2565,Adamsside,Tasmania,Australia
527,Imogen Barritt,Genderqueer,31,1168,New Siennachester,Western Australia,Australia
528,Cad Dominichetti,Non-binary,63,1126,Lake Madelineton,Western Australia,Australia
529,Heda Sheard,Genderqueer,32,1894,Jacksonton,New South Wales,Australia
530,Leroi Weal,Polygender,63,9367,Lake Rose,Western Australia,Australia
531,Onfre Main,Non-binary,55,8873,Leebury,Queensland,Australia
532,Maiga Jeffcoate,Non-binary,32,9064,East Max,Northern Territory,Australia
533,Ruby Extal,Genderfluid,21,4236,West Sebastianfort,South Australia,Australia
534,Fanchette Polak,Female,54,9919,Andersonburgh,Tasmania,Australia
535,Kerry Luto,Polygender,56,6593,Conroychester,South Australia,Australia
536,Kayley Shankster,Genderqueer,32,5125,Charlifort,New South Wales,Australia
537,Beverly Burbridge,Non-binary,45,7342,Krisland,Western Australia,Australia
538,Gabbi Champkins,Agender,27,6968,West Lauren,Queensland,Australia
539,Sonny Tremollet,Male,78,4362,Port Blake,Queensland,Australia
540,Maude McCaig,Genderfluid,75,8550,East Amelia,South Australia,Australia
541,Shari Rotte,Polygender,73,5254,East Imogen,Tasmania,Australia
542,Cass Murrell,Polygender,76,1416,East Hugo,New South Wales,Australia
543,Birgitta Mantz,Polygender,50,7215,Port Annabelle,Queensland,Australia
544,Reilly Jime,Female,30,2980,South Hayden,Northern Territory,Australia
545,Jakob Munks,Non-binary,59,8864,Durgantown,Queensland,Australia
546,Dniren Borrows,Bigender,47,4797,Emilyfort,Queensland,Australia
547,Kellen Buttriss,Female,69,7510,New Elibury,Northern Territory,Australia
548,Nicky Giuron,Agender,57,7432,West Elliestad,Northern Territory,Australia
549,Barclay Beswick,Male,50,1919,Gleasonburgh,Northern Territory,Australia
550,Marna Lammerts,Male,22,4050,Sophiafurt,New South Wales,Australia
551,Theodor Skipton,Bigender,68,591,Declanton,South Australia,Australia
552,Carlyle Slides,Genderfluid,71,5626,Lake Hamishtown,Victoria,Australia
553,Niels Loadsman,Genderfluid,30,7146,Kaiview,New South Wales,Australia
554,Lisetta Griffin,Non-binary,56,1928,New Benjaminborough,Tasmania,Australia
555,Kalil Thal,Polygender,77,2156,Lake Jacobborough,Victoria,Australia
556,Nessy Kildea,Genderfluid,61,3140,West Kai,South Australia,Australia
557,Kyle Lowbridge,Bigender,59,7346,Lake Jesse,Tasmania,Australia
558,Lizette Lindro,Genderqueer,38,9827,Violetfort,South Australia,Australia
559,Florella Cowup,Bigender,67,6782,Sambury,Queensland,Australia
560,Ritchie Cromly,Genderqueer,79,6122,Port Poppymouth,Queensland,Australia
561,Beverlee Pimlott,Genderqueer,34,2661,Aidenton,New South Wales,Australia
562,Joy Mirrlees,Agender,58,8257,West Rubyland,Queensland,Australia
563,Frans Crebbin,Bigender,53,9574,Williammouth,Australian Capital Territory,Australia
564,Shoshana Redsell,Bigender,34,4054,North Marcusland,Northern Territory,Australia
565,Hoebart Edger,Genderqueer,73,4126,Hamiltonport,Queensland,Australia
566,Melissa Partkya,Male,23,2919,O'keefeton,Tasmania,Australia
567,Andi Kettleson,Female,39,7008,East Piper,Northern Territory,Australia
568,Gallard Mangan,Bigender,64,9416,Chloeville,Tasmania,Australia
569,Emyle Camoletto,Non-binary,61,3494,West Sebastianborough,New South Wales,Australia
570,Henryetta Sheffield,Genderqueer,35,4468,New Masonstad,New South Wales,Australia
571,Kristofor Roos,Agender,22,4043,Jordanside,Australian Capital Territory,Australia
572,Raquela Swinnard,Agender,27,7611,Sanfordton,South Australia,Australia
573,Atlante Dissman,Male,37,7541,Abbeyshire,South Australia,Australia
574,Ranna Paolillo,Polygender,53,9400,Zacharybury,Northern Territory,Australia
575,Rickey Britt,Genderqueer,64,9118,Bahringermouth,Victoria,Australia
576,Braden Stephens,Female,24,6665,Gabrielview,Victoria,Australia
577,Hillier Seward,Genderfluid,32,6269,Heaneyview,South Australia,Australia
578,Riordan Goreway,Genderfluid,75,8281,East Marcus,New South Wales,Australia
579,Welch Cape,Female,45,9043,Bauchhaven,South Australia,Australia
580,Tirrell Webber,Male,25,648,South Harryshire,Tasmania,Australia
581,Fabian Gostage,Polygender,40,9022,Hackettland,South Australia,Australia
582,Amberly Seckington,Female,65,429,Skyeland,South Australia,Australia
583,Prissie Dumelow,Genderqueer,52,378,Leomouth,Northern Territory,Australia
584,Page Nise,Genderqueer,76,1559,Charlieburgh,Queensland,Australia
585,Alicea Momford,Non-binary,23,3863,West Bella,South Australia,Australia
586,Wenona Stuck,Agender,34,5142,Hallhaven,New South Wales,Australia
587,Carmita Grundey,Agender,35,3174,East Declanside,Queensland,Australia
588,Nicole Cheel,Genderfluid,48,9614,West Danieltown,Victoria,Australia
589,Calhoun Raphael,Polygender,57,6477,Hoppetown,Queensland,Australia
590,Prentiss Stroder,Polygender,31,9414,Jaydenland,Northern Territory,Australia
591,Danny Brabham,Agender,30,7591,Isabelland,Western Australia,Australia
592,Salomo Shuttell,Bigender,64,354,North Stephanie,South Australia,Australia
593,Dorotea Markl,Genderfluid,22,8192,Angelinaberg,Tasmania,Australia
594,Feliks Loren,Male,44,1335,Avaton,South Australia,Australia
595,Thomasine Baudet,Female,60,939,Ameliaview,South Australia,Australia
596,Rowan Medford,Non-binary,68,2403,West Poppyborough,Victoria,Australia
597,Hi Simenel,Genderfluid,80,1966,Lake Michaelbury,South Australia,Australia
598,Leupold Baake,Non-binary,65,9740,Charlesbury,Victoria,Australia
599,Onfroi Axten,Male,43,520,South Justin,Victoria,Australia
600,George Ghion,Male,50,2075,East Archieside,Australian Capital Territory,Australia
601,Sol Adhams,Male,55,1625,Sebastianbury,South Australia,Australia
602,Kip Cantwell,Bigender,54,5921,East Imogen,Western Australia,Australia
603,Tabbi Carden,Bigender,50,2392,Port Zacharyhaven,South Australia,Australia
604,Doralia Nyssens,Genderqueer,75,4324,Conroymouth,Australian Capital Territory,Australia
605,Stanleigh Hazelton,Female,25,4750,Hamiltonshire,Western Australia,Australia
606,Averyl Atthow,Polygender,53,8684,Calebville,New South Wales,Australia
607,Angie O Mullen,Male,42,8092,North Gracetown,Northern Territory,Australia
608,Lotte Jaouen,Genderfluid,32,6235,West Isabellaland,South Australia,Australia
609,Vin Rubenovic,Polygender,61,5754,New Emilyton,Northern Territory,Australia
610,Sadye Pes,Agender,31,320,New Jayden,Tasmania,Australia
611,Conny Chowne,Female,67,505,West Hayleyhaven,New South Wales,Australia
612,Leann Kittow,Female,35,9575,Angelinastad,South Australia,Australia
613,Melamie Craigmyle,Genderqueer,78,6475,Stellaton,New South Wales,Australia
614,Sherwynd Batsford,Polygender,45,7529,Samuelside,New South Wales,Australia
615,Jacquelin Santostefano.,Non-binary,42,5658,Willowmouth,Queensland,Australia
616,Natal Burnsides,Male,68,8887,South Isabelle,Queensland,Australia
617,Kaine Greep,Genderfluid,72,8116,South Isabel,New South Wales,Australia
618,Ashlan Hebden,Bigender,27,3334,North Baileytown,Western Australia,Australia
619,Vernon Bindley,Bigender,60,3522,East Phoenixberg,Tasmania,Australia
620,Phillipe Gatecliffe,Male,35,902,Jettstad,Australian Capital Territory,Australia
621,Krysta Chaster,Genderqueer,32,3128,Lake Michaelland,Western Australia,Australia
622,Clem Sink,Non-binary,35,2110,Lake Victoriaside,Victoria,Australia
623,Hort Ridding,Agender,57,3236,West Ashley,South Australia,Australia
624,Angelia Lasseter,Genderqueer,46,9109,East Lara,Northern Territory,Australia
625,Zorina Rabl,Bigender,31,5972,Lake Phoebe,Western Australia,Australia
626,Tann Scothron,Genderqueer,64,1807,Walterstad,New South Wales,Australia
627,Codie Everly,Genderfluid,51,7404,Port Christopher,South Australia,Australia
628,Frayda Simonini,Non-binary,75,2197,West Sophie,Northern Territory,Australia
629,Sigismundo Basek,Male,53,6606,Amberland,Western Australia,Australia
630,Nicholle Coom,Male,49,6519,New Madisonborough,Victoria,Australia
631,Wanids Cudby,Female,49,7749,Davidfurt,Northern Territory,Australia
632,Darby Jeffries,Agender,55,3450,South Anthonyburgh,Northern Territory,Australia
633,Daniel Najafian,Male,50,9648,North Rose,Northern Territory,Australia
634,Channa Powley,Genderqueer,70,969,East Mackenzietown,South Australia,Australia
635,Harry Mullany,Male,59,4796,Adamsland,New South Wales,Australia
636,Nara Legerwood,Male,24,9149,Abbottburgh,Northern Territory,Australia
637,Morie Woodfield,Bigender,58,7700,Lilystad,Western Australia,Australia
638,Olympia Stobbs,Female,23,2973,Reillyborough,Victoria,Australia
639,Tobin Jeffryes,Non-binary,40,6722,Lake Alice,Victoria,Australia
640,Uriel Cottingham,Genderqueer,49,5295,Lincolnchester,Queensland,Australia
641,Zebulon Rousel,Agender,62,5934,Hamishview,New South Wales,Australia
642,Beverley Yourell,Polygender,79,192,North Benjamin,Tasmania,Australia
643,Pietro Duling,Female,36,3478,Shieldschester,Tasmania,Australia
644,Ashlie Godwyn,Polygender,46,2620,Baileyberg,Western Australia,Australia
645,Tamarah Costley,Female,75,1940,Greenfeldershire,Victoria,Australia
646,Staffard Ouldred,Bigender,49,6691,Isabellahaven,Tasmania,Australia
647,Malory Emmison,Male,51,137,Lake Nicholasfort,Australian Capital Territory,Australia
648,Jaquelyn Dow,Genderfluid,38,1230,New Emmastad,South Australia,Australia
649,Willey Tolley,Genderfluid,74,5825,Schneiderbury,Northern Territory,Australia
650,Hamlen Jeannon,Bigender,68,1882,Port Zaraberg,South Australia,Australia
651,Beckie Nasey,Genderfluid,61,1313,Evastad,South Australia,Australia
652,Roley Cassedy,Male,63,9830,North Isabelleside,South Australia,Australia
653,Pieter Bruton,Polygender,21,789,Lachlanstad,Queensland,Australia
654,Gareth Bindon,Female,42,5244,West Sebastianfort,Victoria,Australia
655,Jillene Goodbanne,Agender,77,3354,Mitchellhaven,South Australia,Australia
656,Nils MacVean,Bigender,54,1235,North Aaron,Northern Territory,Australia
657,Orran Skip,Male,25,7643,Port Eveland,South Australia,Australia
658,Powell Ivakhnov,Genderfluid,70,4755,North Madeline,New South Wales,Australia
659,Ira Dafforne,Non-binary,57,9653,Sophiemouth,Tasmania,Australia
660,Slade Villaret,Genderfluid,47,4400,Charlesshire,Australian Capital Territory,Australia
661,Engracia Abilowitz,Male,45,1431,North Beau,Western Australia,Australia
662,Nerita Peotz,Female,58,3207,Pipershire,Queensland,Australia
663,Audra Barnewelle,Bigender,71,8887,Lake Charlie,Australian Capital Territory,Australia
664,Dannie Fidler,Genderfluid,32,4145,East Max,Tasmania,Australia
665,Jedidiah Sydall,Genderfluid,61,2022,Kiehnstad,Australian Capital Territory,Australia
666,Maggee Le Houx,Genderqueer,72,3159,West Nathanstad,Northern Territory,Australia
667,Annice Kelcey,Polygender,30,4671,New Beau,Victoria,Australia
668,Dominic Caswall,Male,61,3948,West Matilda,Victoria,Australia
669,Bobbi Pickerill,Genderfluid,68,4318,Bauchland,Victoria,Australia
670,Charlton Shilling,Female,49,8228,New Harrisonland,Northern Territory,Australia
671,Lucian Maymand,Polygender,53,587,East Abbeyborough,Tasmania,Australia
672,Levy Zappel,Genderfluid,59,3895,North Baileyberg,Northern Territory,Australia
673,Carlynn McCabe,Male,59,426,New Angelina,South Australia,Australia
674,Marthena Matterson,Bigender,36,4389,Goodwinmouth,South Australia,Australia
675,Elsi Strawbridge,Non-binary,20,2435,Port Jacob,South Australia,Australia
676,Haslett Edwins,Bigender,59,1938,Kaylafurt,Northern Territory,Australia
677,Nady Buston,Female,33,2256,North Mikayla,Tasmania,Australia
678,Dare Andrich,Agender,79,1948,East Alex,New South Wales,Australia
679,Osgood Percifer,Genderqueer,76,1971,Cameronton,Western Australia,Australia
680,Camellia Heatherington,Bigender,78,7905,Taylorfurt,New South Wales,Australia
681,Shermy Mulbry,Polygender,79,1323,West Alyssaton,Victoria,Australia
682,Alon Abramsky,Polygender,27,6627,Sofiahaven,Western Australia,Australia
683,Esteban Hensmans,Genderfluid,45,3661,West Finnberg,Australian Capital Territory,Australia
684,Camala Llywarch,Agender,78,8834,Laurenview,Western Australia,Australia
685,Leelah Mapston,Bigender,46,4494,South Savannahside,Queensland,Australia
686,Elbertina Gaish,Polygender,22,4931,Dickensshire,Victoria,Australia
687,Amalia Eallis,Bigender,22,8939,East Ruby,New South Wales,Australia
688,Margeaux Woodburne,Non-binary,40,3357,Abbeyview,South Australia,Australia
689,Ransell MacKilroe,Polygender,62,9864,North Jessemouth,Australian Capital Territory,Australia
690,Arlie Bowman,Genderqueer,34,6697,Port Annabelle,Northern Territory,Australia
691,Silvie Bortol,Genderfluid,73,1499,Abigailshire,New South Wales,Australia
692,Perceval Umbers,Bigender,20,4058,Laraview,Tasmania,Australia
693,Hetti Fibbens,Genderqueer,45,6160,Beattychester,Queensland,Australia
694,Grace Budgeon,Genderqueer,55,8952,Harveyshire,Australian Capital Territory,Australia
695,Carlota Sparshott,Bigender,48,6533,O'reillymouth,Western Australia,Australia
696,Miner Craddock,Non-binary,38,5325,Callummouth,Australian Capital Territory,Australia
697,Antonia Yeardsley,Agender,51,5972,Port Cody,Australian Capital Territory,Australia
698,Cary Boaler,Genderfluid,27,9139,New Isaac,Victoria,Australia
699,Arlan Maffini,Genderqueer,79,2027,Westfurt,Western Australia,Australia
700,Marianne Tollow,Genderqueer,64,5858,South Madeline,New South Wales,Australia
701,Bennett Castellanos,Polygender,67,9582,Lake Joshua,Victoria,Australia
702,Magda Dring,Non-binary,80,685,Thompsonborough,Western Australia,Australia
703,Diann Grieger,Polygender,26,3623,Port Joeltown,South Australia,Australia
704,Willie Leader,Polygender,21,4600,Howellhaven,Tasmania,Australia
705,Darill Gromley,Bigender,60,6357,Port Madeline,Queensland,Australia
706,Stephen MacAleese,Agender,43,7201,Lake Aiden,Northern Territory,Australia
707,Fremont Tewnion,Polygender,69,7394,Krisview,Australian Capital Territory,Australia
708,Debee Lording,Genderfluid,51,9666,West Olivertown,Western Australia,Australia
709,Lilli Bavester,Genderfluid,65,330,East Lillyville,Victoria,Australia
710,Avivah Roddick,Male,60,1666,Kulasville,New South Wales,Australia
711,Lin Norville,Male,42,3738,Russelstad,Victoria,Australia
712,Elna Brimicombe,Agender,71,5372,Lefflermouth,Australian Capital Territory,Australia
713,Joey Duffield,Agender,71,2028,Piperview,Tasmania,Australia
714,Marnie Dennington,Female,50,7260,West Addison,Northern Territory,Australia
715,Lindsey McCuthais,Bigender,61,8927,Port Hunter,Tasmania,Australia
716,Cassandry Cuniffe,Non-binary,41,2694,Port Isabelle,South Australia,Australia
717,Mellisent Druhan,Agender,20,1564,Haydenhaven,Victoria,Australia
718,Kirbee Hardesty,Male,23,7710,Lake Savannah,South Australia,Australia
719,Dori Sarney,Male,31,7763,Faheyborough,Queensland,Australia
720,Theodoric McMennum,Genderqueer,40,1380,West Henry,South Australia,Australia
721,Jeane Witherington,Polygender,25,2248,Tobyport,Queensland,Australia
722,Rebekah Sailer,Agender,53,4447,Lillyview,New South Wales,Australia
723,Drusi Eagell,Polygender,34,9567,Lake Mitchellbury,Australian Capital Territory,Australia
724,Etheline Bahde,Female,66,110,Hoppeville,New South Wales,Australia
725,Bucky Cragell,Non-binary,23,9174,Gracemouth,Northern Territory,Australia
726,Rey Grasner,Genderqueer,27,9439,Cassinport,Western Australia,Australia
727,Herschel Verdey,Female,26,3249,Jacobport,New South Wales,Australia
728,Kellie Curbishley,Agender,51,7148,Lake Matildaville,Western Australia,Australia
729,Gerri McCarle,Female,54,7315,Cameronport,South Australia,Australia
730,Rutger Willison,Male,73,206,Lake Sienna,Victoria,Australia
731,Olimpia Tankus,Genderfluid,39,3505,North Jessica,Western Australia,Australia
732,Gorden Seago,Genderfluid,80,8114,Port Aaronton,Queensland,Australia
733,Otto Matyasik,Genderqueer,67,8850,East Benjamin,New South Wales,Australia
734,Vivien Beatson,Male,77,3608,Tylerburgh,Western Australia,Australia
735,Valentino Branney,Bigender,46,6248,Port Alanamouth,Queensland,Australia
736,Delia Mably,Female,55,2962,Doylebury,Victoria,Australia
737,Zebulen Zannotti,Genderqueer,60,1762,Harveyside,Tasmania,Australia
738,Lilyan Pirt,Genderqueer,55,5450,Hollyfort,Northern Territory,Australia
739,Kristel Klaaassen,Female,57,1335,East Matthewville,New South Wales,Australia
740,Meryl Neeson,Non-binary,73,531,Port Molly,Tasmania,Australia
741,Manuel Edis,Female,60,2422,Hallshire,New South Wales,Australia
742,Selestina Dauber,Polygender,44,8642,Port Aliview,Western Australia,Australia
743,Demetris Kamall,Non-binary,57,6226,Lake Lukemouth,Western Australia,Australia
744,Timmy Bullivent,Male,79,9828,East Zoeshire,Northern Territory,Australia
745,Lindy Saltrese,Non-binary,31,526,North Matthewfort,Northern Territory,Australia
746,Dennie Lawson,Female,32,2913,Sarahland,Victoria,Australia
747,Cristen Hagley,Bigender,25,4037,Lake Gabriella,Victoria,Australia
748,Grange Loding,Female,77,5104,South James,Queensland,Australia
749,Devina Squirrel,Genderqueer,27,4298,Anthonychester,Tasmania,Australia
750,Mirabelle Vaney,Polygender,42,7850,Baumbachton,Victoria,Australia
751,Iorgos Sinisbury,Genderqueer,39,8869,West Anthony,Australian Capital Territory,Australia
752,Odelia Juszkiewicz,Polygender,42,4665,North Joshuafurt,Victoria,Australia
753,Mufi Sagerson,Non-binary,48,7077,East Jessica,Victoria,Australia
754,Ninnetta Lammin,Bigender,74,1488,Lake Jesse,New South Wales,Australia
755,Herbert Rock,Female,79,9976,West Aaron,New South Wales,Australia
756,Galen Sokell,Female,34,6440,Quinnfort,Western Australia,Australia
757,Taffy Quimby,Non-binary,31,4773,East Xavier,New South Wales,Australia
758,Mallissa Lawdham,Genderfluid,44,697,East Madison,New South Wales,Australia
759,Charmian Wakelin,Female,30,5234,Noahtown,Northern Territory,Australia
760,Lee Matterson,Bigender,49,5781,New Ivy,South Australia,Australia
761,Jan Gligori,Non-binary,52,3739,West Aidanton,Victoria,Australia
762,Eloise Ondrusek,Polygender,43,8719,South Codyhaven,Tasmania,Australia
763,Annalise Abramovitch,Genderfluid,37,3568,Townetown,Victoria,Australia
764,Brod Phifer,Polygender,32,9998,Hettingerfort,Western Australia,Australia
765,Marni Figiovanni,Non-binary,59,751,Eveside,New South Wales,Australia
766,Allix Langdale,Agender,66,2658,Port Haydenstad,New South Wales,Australia
767,Waylin Gasson,Genderqueer,37,6349,West Kai,South Australia,Australia
768,Aida Warsap,Bigender,52,1876,Port Isabel,Northern Territory,Australia
769,Sigmund Bothen,Male,21,8190,West Grace,Australian Capital Territory,Australia
770,Thorsten Sowrey,Polygender,50,4196,Port Isabelle,South Australia,Australia
771,Paul McGavigan,Genderfluid,74,8882,Kuhntown,Victoria,Australia
772,Marlee Edser,Genderqueer,71,2915,Oscarberg,South Australia,Australia
773,Paxon O'Shiel,Genderfluid,55,4177,Thomasborough,New South Wales,Australia
774,Ellynn Korba,Genderqueer,34,8590,West Jonathanshire,Tasmania,Australia
775,Edee Wildt,Bigender,56,8274,East Charlesfurt,Northern Territory,Australia
776,Felice Dumbleton,Genderfluid,24,8348,Harveyville,Australian Capital Territory,Australia
777,Danna Burleigh,Female,50,2616,South Callum,New South Wales,Australia
778,Chastity Daniaud,Genderfluid,20,2902,Blakemouth,Northern Territory,Australia
779,Aimil Rapa,Agender,20,4604,Clarkeburgh,South Australia,Australia
780,Cinda Alleyne,Genderfluid,55,1702,Caitlinview,Victoria,Australia
781,Denny Parlour,Genderfluid,36,6220,Madisonland,Victoria,Australia
782,Ansell Fudge,Agender,39,2423,Schroedermouth,Queensland,Australia
783,Gusty Smallacombe,Female,49,4250,North Avabury,South Australia,Australia
784,Susy De Meyer,Male,76,8631,Lake Kiara,Victoria,Australia
785,Jillana Blankau,Genderfluid,54,2683,Port Adamburgh,Northern Territory,Australia
786,Lorine McLugish,Agender,23,4731,Graceville,New South Wales,Australia
787,Sharl Izzett,Female,31,1417,Davidshire,South Australia,Australia
788,Gwenette Kahen,Male,71,6876,Phoebeberg,Queensland,Australia
789,Bone Perche,Genderqueer,36,1438,Aliceland,Western Australia,Australia
790,Drake Ivanilov,Genderqueer,67,6313,Nathanfort,Australian Capital Territory,Australia
791,Jojo Toffanini,Agender,34,8839,Elijahshire,Queensland,Australia
792,Thomasa Antunez,Bigender,56,4363,New Marcusmouth,Western Australia,Australia
793,Tressa Cunnane,Agender,70,7795,Lake Rose,Western Australia,Australia
794,Elizabet Pippin,Non-binary,72,9751,Port Anna,South Australia,Australia
795,Berri O' Clovan,Agender,49,1712,East Hayden,Australian Capital Territory,Australia
796,Perry McAless,Polygender,26,7192,New Leah,Queensland,Australia
797,Rachelle Jelf,Female,32,6714,Marcusshire,Queensland,Australia
798,Adrianna Slack,Agender,56,6531,Port Sam,Australian Capital Territory,Australia
799,Gibbie Beardall,Polygender,67,8786,South Levi,New South Wales,Australia
800,Katusha Ceney,Bigender,49,4505,Daughertyport,Queensland,Australia
801,Morgana Weymouth,Female,64,3128,Blakeborough,Australian Capital Territory,Australia
802,Amaleta Beange,Female,72,749,Imogenmouth,Northern Territory,Australia
803,Gertrude Harriott,Bigender,68,8377,Amyton,Australian Capital Territory,Australia
804,Catlin Schurcke,Non-binary,58,8746,New Isabellamouth,New South Wales,Australia
805,Kilian Chinn,Non-binary,59,9609,Port Holly,Australian Capital Territory,Australia
806,Lonna Domange,Male,79,1265,New Joshuaview,Tasmania,Australia
807,Dena Banbrick,Polygender,26,953,Tylershire,Queensland,Australia
808,Marvin Van Hault,Bigender,35,4197,Robertstown,Western Australia,Australia
809,Winn Siemandl,Bigender,76,8563,South Tyler,Tasmania,Australia
810,Charles Duffitt,Non-binary,21,2355,South Maxland,Australian Capital Territory,Australia
811,Matti Anespie,Polygender,72,1781,Stantonborough,Tasmania,Australia
812,Else Bicheno,Male,28,3736,Lucyport,Western Australia,Australia
813,Saul Franklyn,Male,62,372,Tillmanview,New South Wales,Australia
814,Delilah Westmerland,Non-binary,46,7741,Georgiachester,Northern Territory,Australia
815,Moises Gauler,Female,34,8626,Port Jonathanchester,South Australia,Australia
816,Edithe Yitshak,Genderfluid,23,7131,Kaifort,Victoria,Australia
817,Joella Tiddeman,Polygender,45,2166,Johnsonstad,Tasmania,Australia
818,Nathaniel McCandless,Polygender,59,3302,West Eviebury,Western Australia,Australia
819,Pauly Matz,Genderfluid,56,246,West Heidiberg,Queensland,Australia
820,Normy Anlay,Male,26,8014,Alexanderland,Queensland,Australia
821,Errol Berkley,Agender,74,4607,Haleybury,Australian Capital Territory,Australia
822,Zena McKeown,Agender,59,2588,Lake Andrewport,South Australia,Australia
823,Lennie Carabine,Genderqueer,41,4450,South Jaydenfort,Queensland,Australia
824,Andonis Renfree,Genderfluid,45,2025,Avamouth,Tasmania,Australia
825,Judith Plimmer,Male,46,9750,Thomaschester,Tasmania,Australia
826,Bridgette Ashman,Genderqueer,55,3216,Cooperton,Western Australia,Australia
827,Eryn Harcus,Agender,37,9243,Lake Alicefurt,Tasmania,Australia
828,Tucky Kitchaside,Female,57,6351,East Zacharystad,Queensland,Australia
829,Marget Kells,Non-binary,39,6924,Baumbachtown,Victoria,Australia
830,Gertrudis Pergens,Male,46,6477,New Ruby,South Australia,Australia
831,Bancroft Mollatt,Male,30,8558,Lake Dylanside,South Australia,Australia
832,Shay Beentjes,Genderqueer,37,4181,East Hamish,Australian Capital Territory,Australia
833,Hilliard Papes,Genderqueer,27,8559,Jaspermouth,Western Australia,Australia
834,Glenn Keri,Non-binary,61,2848,Port Ellaside,New South Wales,Australia
835,Randell Shorte,Polygender,25,6147,North Lachlanfurt,South Australia,Australia
836,Nixie Fraczak,Genderqueer,29,3342,Ryanberg,Queensland,Australia
837,Zerk Sandercroft,Genderqueer,53,8542,New Marcusmouth,Northern Territory,Australia
838,Russell Hinkens,Genderqueer,44,5552,South Stephaniebury,New South Wales,Australia
839,Gaylene Lazare,Female,20,9673,Georgeshire,Northern Territory,Australia
840,Ellene Dedam,Agender,25,9366,Islamouth,Western Australia,Australia
841,Rorie Hof,Polygender,23,9273,Kulasmouth,Western Australia,Australia
842,Millicent Stedson,Polygender,70,8388,Port Kiara,Western Australia,Australia
843,Sheela Dovey,Genderqueer,23,6272,Lake Addisonland,South Australia,Australia
844,Lorelle Lancastle,Genderqueer,63,2754,Alexandraville,South Australia,Australia
845,Zachariah Celle,Agender,53,51,Hallbury,South Australia,Australia
846,Isidore Bleasdille,Genderfluid,72,6634,Davidtown,Victoria,Australia
847,Rowena Soall,Agender,61,722,Zacville,Western Australia,Australia
848,Niccolo Saurat,Male,38,1092,Port Sofia,Victoria,Australia
849,Gina Pollen,Male,29,8453,Lake Gabrielview,New South Wales,Australia
850,Darn McAster,Male,55,9923,Lillianside,New South Wales,Australia
851,Worthy Pardoe,Non-binary,71,6648,North Emmashire,Australian Capital Territory,Australia
852,Lucas Cromly,Polygender,67,8460,O'connertown,Tasmania,Australia
853,Brenden Roast,Genderfluid,54,8343,Siennabury,New South Wales,Australia
854,Lisle Worthing,Female,74,6775,Walkertown,Victoria,Australia
855,Belita Hainey,Non-binary,55,8822,Port Dylanmouth,Tasmania,Australia
856,Noellyn Crellim,Bigender,34,5925,North Jacksonstad,Northern Territory,Australia
857,Dianemarie Neicho,Agender,27,661,West Joelmouth,Western Australia,Australia
858,Karrah Byrd,Bigender,59,6955,North Thomas,Northern Territory,Australia
859,Shay Casari,Polygender,38,7711,Rosechester,New South Wales,Australia
860,Elise Gietz,Bigender,66,5953,Kaiside,Australian Capital Territory,Australia
861,Bartie Sinson,Non-binary,44,8739,Lucyburgh,Queensland,Australia
862,Mellisa de Courcey,Female,63,3976,North Holly,Tasmania,Australia
863,Trescha Wheal,Genderqueer,64,2721,Charliborough,Australian Capital Territory,Australia
864,Shaina Leonards,Male,45,8508,New Logan,Victoria,Australia
865,Ondrea Apark,Agender,44,6913,North Riley,Victoria,Australia
866,Devan Manginot,Bigender,29,2520,Jaydenview,South Australia,Australia
867,Hunfredo Peyto,Bigender,36,757,Port Davidburgh,Tasmania,Australia
868,Berry Rosiello,Agender,28,8448,New Charlieville,Western Australia,Australia
869,Vladimir Jandourek,Non-binary,26,6534,New Jackson,South Australia,Australia
870,Lorenzo Dutch,Genderfluid,49,201,Lake Ashleyhaven,Queensland,Australia
871,Calypso Ellaway,Bigender,48,3471,Port Joshualand,Western Australia,Australia
872,Brendis Blackboro,Non-binary,74,7892,West Lukeshire,New South Wales,Australia
873,Cecilla Pigford,Non-binary,38,5510,Samanthatown,Western Australia,Australia
874,Prissie Kondratovich,Genderqueer,65,3840,South Zacmouth,Western Australia,Australia
875,Norbert Hogbin,Bigender,49,5578,North Williamchester,Western Australia,Australia
876,Glynda Dodshon,Male,20,6148,New Aidenfurt,Northern Territory,Australia
877,Humfrid Boshier,Female,35,9819,West Lucyview,Northern Territory,Australia
878,Elianore Syphas,Genderfluid,54,5733,Lake William,Victoria,Australia
879,Rodrique Rawcliff,Agender,45,2370,Cummingsstad,Australian Capital Territory,Australia
880,Kimbell Rawsen,Male,41,27,North Aaronborough,Tasmania,Australia
881,Rose Sheivels,Polygender,74,6912,East Andrewborough,Australian Capital Territory,Australia
882,Bartel Clemendet,Genderqueer,43,4847,Kiehnfurt,South Australia,Australia
883,Noel Siviour,Polygender,43,5255,Beahantown,South Australia,Australia
884,Frederique Hopkins,Bigender,43,7147,Macdonaldtown,Northern Territory,Australia
885,Daniela Finnes,Genderqueer,60,8571,North Nateland,South Australia,Australia
886,Emylee Buscher,Non-binary,69,6189,Thompsonport,Northern Territory,Australia
887,Killie Wigzell,Male,61,1411,South Emilyborough,Victoria,Australia
888,Teresita Ayling,Genderqueer,22,968,Ellieland,Northern Territory,Australia
889,Kaitlin Jeanes,Genderqueer,69,4557,Beahanport,Northern Territory,Australia
890,Patrizia Timlett,Female,71,604,South Taylorside,New South Wales,Australia
891,Vinny Blackstone,Agender,52,4245,Port Emmamouth,Western Australia,Australia
892,Jania Sailes,Non-binary,44,6702,West Annaton,Australian Capital Territory,Australia
893,Angelle Huby,Genderfluid,57,9608,Port Jettshire,Western Australia,Australia
894,Wadsworth Meeke,Non-binary,28,3854,New Mitchell,New South Wales,Australia
895,Robena Gilbert,Genderfluid,37,6795,Lake Bellahaven,Queensland,Australia
896,Thoma Seaking,Genderqueer,67,7737,Ryanberg,South Australia,Australia
897,Janeta Berni,Male,76,1540,Dickinsonside,Queensland,Australia
898,Jillian Sauven,Bigender,41,3377,Angelinaport,New South Wales,Australia
899,Leonerd Vayro,Polygender,42,9082,South Xaviermouth,South Australia,Australia
900,Shelden Tinline,Agender,22,9455,East Emily,Tasmania,Australia
901,Damiano Morbey,Non-binary,59,6252,Naderborough,Victoria,Australia
902,Tuesday Laytham,Genderqueer,58,5922,West Laurenstad,Tasmania,Australia
903,Leonhard Webland,Male,48,2370,Walkerfurt,New South Wales,Australia
904,Sutherlan Stepto,Genderfluid,48,9829,West Dylanport,Tasmania,Australia
905,Lyssa Moreside,Polygender,53,4786,Port Benjamin,Victoria,Australia
906,Vincent Kiledal,Genderfluid,74,3515,Ebertfurt,Australian Capital Territory,Australia
907,Aindrea Franzetti,Female,43,628,North Caitlin,South Australia,Australia
908,Kakalina Ragge,Genderqueer,42,3603,South Alexandraview,Queensland,Australia
909,Patin Circuit,Genderqueer,62,3227,Langfort,Tasmania,Australia
910,Basilio Tomsett,Bigender,67,7783,Scarlettfort,New South Wales,Australia
911,Ardis Widdop,Male,41,2232,Mackenziechester,Northern Territory,Australia
912,Chancey Iacovozzo,Agender,60,7229,West John,Tasmania,Australia
913,Taylor Milley,Genderqueer,27,9572,Port Hunter,New South Wales,Australia
914,Emmalee Camin,Bigender,39,7531,South Alexview,South Australia,Australia
915,Glenine Saladine,Male,70,9647,Lukefort,Australian Capital Territory,Australia
916,Gabriella Nutman,Polygender,24,4485,West Benjaminberg,Australian Capital Territory,Australia
917,Hadleigh Berzons,Genderqueer,36,3806,North Charlesland,Western Australia,Australia
918,Tracie Okey,Polygender,69,1328,Violetstad,Australian Capital Territory,Australia
919,Belia Hovard,Genderqueer,64,24,New Imogen,Queensland,Australia
920,Curcio Kiffin,Polygender,72,3992,Rutherfordville,Northern Territory,Australia
921,Cindi McCague,Polygender,73,1758,Port Zoeborough,Australian Capital Territory,Australia
922,Adena Venn,Polygender,53,839,Jordanburgh,Victoria,Australia
923,Mohandis Boyett,Female,54,119,West Victoriabury,Australian Capital Territory,Australia
924,Cherie Fairhead,Female,58,4569,South Ellieburgh,Queensland,Australia
925,Deirdre Burle,Non-binary,70,3707,Andersonchester,New South Wales,Australia
926,Vittorio Rosenstengel,Genderqueer,68,3662,East Jasper,Northern Territory,Australia
927,Joby Law,Male,61,1341,Ryanfurt,Victoria,Australia
928,Hughie Trelease,Bigender,63,1048,Haydentown,Australian Capital Territory,Australia
929,Reba Crauford,Genderfluid,68,2353,Beahanfurt,Northern Territory,Australia
930,Ardath O'Keeffe,Bigender,66,9412,Goodwinview,Tasmania,Australia
931,Monah Belin,Non-binary,59,6089,Rubyburgh,Queensland,Australia
932,Barton Pencott,Male,21,3265,Borerfort,Western Australia,Australia
933,Lenna Beau,Genderqueer,36,4468,Port Lillianside,South Australia,Australia
934,Friedrick Trevaskus,Female,44,3395,Aaronbury,Northern Territory,Australia
935,Pen Andrzejczak,Male,30,2273,Lake Oliverberg,New South Wales,Australia
936,Mart Naismith,Genderfluid,77,2372,Huelfort,Australian Capital Territory,Australia
937,Judy Mesias,Male,70,1824,Schneiderstad,New South Wales,Australia
938,Chev Bramwell,Non-binary,21,4091,Ebertport,Northern Territory,Australia
939,Renaldo Rigmand,Genderqueer,39,110,East Gemma,Australian Capital Territory,Australia
940,Jamesy Rennles,Genderqueer,46,9769,Harberview,Tasmania,Australia
941,Egon Figliovanni,Female,59,105,Farrellchester,New South Wales,Australia
942,Lacee Denyukin,Genderfluid,45,5149,North Nicholaston,Victoria,Australia
943,Correy Bacon,Bigender,64,822,North Elijah,South Australia,Australia
944,Peri Pilsworth,Genderfluid,36,8196,Walterland,Victoria,Australia
945,Lorilyn Vittet,Non-binary,48,3606,Stantonmouth,Australian Capital Territory,Australia
946,Raul Crilly,Genderfluid,24,115,South Jasper,Queensland,Australia
947,Dulsea Collet,Genderqueer,74,9260,South Charles,New South Wales,Australia
948,Annabela Wegenen,Genderfluid,37,8727,Corkeryshire,Tasmania,Australia
949,Ivan Haill,Non-binary,26,2267,Marvinstad,Australian Capital Territory,Australia
950,Eustacia Andreassen,Male,43,3051,Bergefort,Victoria,Australia
951,Cy Sabbins,Male,66,8840,New Mollystad,Tasmania,Australia
952,Geri Renton,Female,45,7392,Michaelfurt,Northern Territory,Australia
953,Berton Kilfeder,Non-binary,69,4688,Port Zacharyfurt,South Australia,Australia
954,Timmie Kelshaw,Non-binary,69,8605,Lake Evemouth,South Australia,Australia
955,Dolph Arrow,Bigender,57,5443,Lake Owenfurt,Australian Capital Territory,Australia
956,Camile Haveline,Genderfluid,20,6905,New Alexchester,New South Wales,Australia
957,Felic Marrian,Male,75,4220,Samanthaberg,South Australia,Australia
958,Amelita Witterick,Agender,58,1321,North Molly,Northern Territory,Australia
959,Wallis Harlick,Bigender,57,5135,Port Taylor,Western Australia,Australia
960,Michaella Venton,Agender,71,1281,East Luke,Victoria,Australia
961,Phedra Klinck,Genderqueer,70,6528,New Joseph,South Australia,Australia
962,Imelda Behneke,Polygender,45,5077,Hermistonton,Western Australia,Australia
963,Albina Disdel,Genderqueer,47,1331,West Luke,Northern Territory,Australia
964,Barron Pudge,Polygender,30,6192,Harrisshire,Australian Capital Territory,Australia
965,Terri Lunny,Bigender,75,5542,New Callumtown,Western Australia,Australia
966,Bunni Poundsford,Female,63,2732,South Heidi,Western Australia,Australia
967,Sibby Dimitriou,Agender,58,6624,West Benjaminchester,Queensland,Australia
968,Belvia Lubman,Male,60,4274,Beahanberg,Australian Capital Territory,Australia
969,Ginnie Glasheen,Polygender,77,9561,West Stella,South Australia,Australia
970,Delcine Pickthorn,Genderfluid,44,7005,Lake Lincoln,Queensland,Australia
971,Constance Piddington,Genderfluid,27,4268,East Chasehaven,Queensland,Australia
972,Mariska Glendining,Non-binary,24,7625,Lake Ellie,South Australia,Australia
973,Lars Stading,Female,60,9528,West Callumside,Tasmania,Australia
974,Tally Rubel,Agender,66,392,South Xavierport,South Australia,Australia
975,Corilla Vicent,Male,43,2849,Callumburgh,Queensland,Australia
976,Harmony Castle,Bigender,68,4578,New Charlotteville,Australian Capital Territory,Australia
977,Michell Lappine,Polygender,34,3164,East Sophia,Queensland,Australia
978,Roanne Rengger,Genderqueer,71,7819,Johnsonhaven,Australian Capital Territory,Australia
979,Cristiano Skurm,Polygender,69,8802,North Zoeside,Northern Territory,Australia
980,Sharleen Langworthy,Agender,35,5926,Isaacberg,South Australia,Australia
981,Darby Aistrop,Genderqueer,47,2064,Hannahberg,Australian Capital Territory,Australia
982,Kermie Ponnsett,Genderqueer,63,6334,South Amelie,New South Wales,Australia
983,Raddy Youngs,Bigender,26,2105,North Scarlett,New South Wales,Australia
984,Devin Lindmark,Female,57,5603,North Mackenzieborough,Northern Territory,Australia
985,Porter Gueste,Male,72,6621,Boscoville,Victoria,Australia
986,Theodosia Postins,Polygender,38,2972,Turcottetown,Australian Capital Territory,Australia
987,Grady Wipper,Genderfluid,70,5958,Thompsonbury,New South Wales,Australia
988,Tommie Benoy,Polygender,35,9386,New Harry,Western Australia,Australia
989,Sauncho Boosey,Bigender,53,698,Stewartland,Australian Capital Territory,Australia
990,Sasha Stanman,Agender,38,2430,Glovershire,South Australia,Australia
991,Cristina Jowling,Genderfluid,30,4952,North Andrew,Tasmania,Australia
992,Meredith Stansfield,Female,39,2358,Lake Oliviatown,Queensland,Australia
993,Orella Singyard,Polygender,24,536,Michaelberg,Victoria,Australia
994,Vanna Densham,Female,53,508,Hallshire,Western Australia,Australia
995,Leandra Derks,Polygender,63,3742,Hermistonberg,Western Australia,Australia
996,Elvira Sarfati,Agender,59,7613,Lake Danielland,Tasmania,Australia
997,Dickie Grushin,Non-binary,30,6950,Ellaborough,Tasmania,Australia
998,Rebecka Fabler,Polygender,32,52,Kohlerberg,Queensland,Australia
999,Carita Vynarde,Polygender,30,7849,East Oscarfurt,Western Australia,Australia
1000,Mandel Fairbanks,Male,71,9012,Lake Audreyborough,Tasmania,Australia
